{
    "x": [
        0.09210493994507518,
        0.22826323087895561,
        0.29371404638882936,
        0.3122612229724653,
        0.3229589138531782,
        0.3617886556223141,
        0.425830290295828,
        0.4263513069628082,
        0.4308627633296438,
        0.43370117267952824,
        0.4936850976503062,
        0.5018366758843366,
        0.6110235106775829,
        0.6309761238544878,
        0.6344009585513211,
        0.7224433825702216,
        0.7244553248606352,
        0.8494317940777896,
        0.8933891631171348,
        0.9441600182038796
    ],
    "y": [
        6.2482696289629445,
        6.979559030446317,
        7.215908851643037,
        7.309013080161635,
        7.315489614252925,
        7.504031217825537,
        7.650031359102852,
        7.6300724655758625,
        7.669462719068075,
        7.707144664250072,
        7.816476918342965,
        7.886800025411276,
        8.181851191056221,
        8.216571974027751,
        8.255618565769023,
        8.471813676886784,
        8.427282801140459,
        8.715198898641594,
        8.798315812650824,
        8.939871012163568
    ]
}